{"cameraMode":{"drawMode":0,"name":"Shaded","section":"Shading Mode"},"sceneLighting":true,"audioPlay":false,"sceneViewState":{"showFog":true,"showMaterialUpdate":false,"showSkybox":true,"showFlares":true,"showImageEffects":true,"showParticleSystems":true},"in2DMode":false,"pivot":{"x":542.9256591796875,"y":357.1395263671875,"z":-313.92498779296877},"rotation":{"x":-0.23532766103744508,"y":-0.02216244302690029,"z":0.00535338930785656,"w":-0.9716871380805969},"size":88.04186248779297,"orthographic":false}